filename,segment#,chr#,startloc,endloc,strand,length,#GC,%GC,seq
5637_URINARY_TRACT_amplicon1_annotated_cycles.txt,Segment36,6,21953942,21954846,+,904,438,48.451327433628315,CAGTCCACATCCTGCCCCTTAGTAGATGAGACAAGTCAAAGGAGGAAGTGTGCAGTACAGTGAGTGAGTGCAGTTCTCAGGGATATGGTCTTAGTTCAAGGGCTCCAGGAGTGTGCTGTGAGCATGGGAATGATAAGCTCACATCTGCTTGTATTCATAAACAGCTCCAGGAGGTGCGGTTTTAAATTACCACCCTACCACTGCTAAACCTCCTCTGTAATCCTATAAAGATGTCAGGTACAGATAGACCTTGGAAGGGCAGAGCCCTATCTGACAACCCTGTATCAAATAGCTGGAGAGCCTGAGGATTGGGTTGCAACAGGAATACCCtaatcttgatttcattgtttttcctcTCCCTAAAAGGGTGGGATTGGatttggaggtgggaggagaatcTGCAATGGAGTTACCGACACCATGTAAGGAAAACCTTGGAGGCTGCTATTCCCATTTGGAGGGATCAGCAAAAAGGCCAGCAGACAAGCCTGCCACTATTCGTAATCCTTCTTGCTTCTGCTGGCGAATCCTtccaaggcaggcaggcaggcagcagcAGCTGGGGTGGAGGGACTGCTGTCCTGATGAAGGGGAGCTGAGTGCTGGCTTTGCTGTGCTCTGGAATTATTACCTGTAAGTGCAAGCAGCCAGGTGACTGCAGCTGTGATGGGGGGTGTGGAGACCCCGCCCATGCCAGCTGTCAGAGCCCCAAACAGCCAGGACAGCGCACGGGATTTATGCTTCCTCTCCGGCCTTTCAATGCTTCTGTAGATATACTTAGCAATTACAATGCTGGTTTGGGAATTTCCCTCGGATGAGACAGGACTTGTTTCCAAAATAACACCTTTCAAAGCATGCAGAGACTTTTAGAAATTAGATAATTGTGTGATATTTATAAAGTGAAT
5637_URINARY_TRACT_amplicon1_annotated_cycles.txt,Segment18,3,13996823,13997479,+,656,360,54.87804878048781,tgccactcttcagagccatcaggcagagatgtttaagtctgctgaagctgcacccacagccaccccttcccccaggtgctctgtcccagggagatgggcgttttatctataagcccctgactggggctactgcctttctttcagtgatgacctgcccagagaggaggaatctagagaggcagtgtgGCTACAGCGGCATTGCTGACCTGCAATGGGCTCCACCCATTTCAAACTTCCCAgcgctttgtttacactgtgaggggaaaaccacctactcaagtatcagtaatggtggacgcccctcccccaaccaagcttgagcatcccaggtcgacttcagactgctgtgctggcagtgagactttcaagccagtggatcttagcttgctgggctccctgggggtgggatccgctgagctagaccacttggctccctggcttcagccccctttccaggggggtgaatggttctgtcttgctggcattccaggtgccactggggtatgaaaaaaaacaaaacaaaactcctgcACCTAGCTCAGTGTCTACCCAAAgtgccacccagttttgtgcttgaaacccagggccctggtggcataggcagtggagggaatctcctggtgtgtgggttgcgaagaccatgggaaaagcatagta
5637_URINARY_TRACT_amplicon1_annotated_cycles.txt,Segment15,3,12452254,12452726,+,472,242,51.271186440677965,TCAAGAGAACCATAAATTGAAAAGGCTCAAGTGGCTAAAAGTGGCCTTGGAGAAGCTCCAGATAAGTTAGTGGTGGACAGAGAGCCAGCTGTGCCCATATTCAGACCCTGGAAGGGGAAGGTCCTTAGTGCTTGGAGGGTGGGGGTAGGAAGCTGTAGGCCTCTCTGCAACTCGCCCAGAGCCTCCAGTGGTGGCCGAGTGACATTGAGCTGATCCTGCCCCACTGTTTTCTGCCTAATGGCTGACACCACCTTAGATTGTTGTTCCAGTTGGGAACAAGCCTGGAGACCTTGAGAGCAGGAAAGGCCCCCAGAGgccatcagatctcatgtttGATGTgaaaaaactgaagcccagagagaaaaGGGGATTGTCCAAGGTCATCAGGAAGCAAACATGTACTCAGCACCCTCTTTGGGCCACATCGTGGGCCTGGCTCTTCACACTCATCATGTCATTTAATCTCTACATCA
5637_URINARY_TRACT_amplicon1_annotated_cycles.txt,Segment13,3,12198395,12198898,+,503,188,37.37574552683897,AAGAAATTAGCATTTTGGAGTTGTTTTCATAGCGCAGCTGACTGATACATATcaacaaaaaatgtattaagaATAGGCCCTTCCTGGAGTTTTGCCTAGAGTGAGTGAGtcagaaaactaatttttaaactaGCTGTTGCAACACTGCAGGAAGATGGTTGAAAATTAAGGAGACATTCAAGTGAATGAGGGTAGTATGGAAAGAGGTGTAAAGTCTGTACTAGGAAGAGGAAATGGTGTTTCTTCgactttaaaatcttttgtattagtttgttaCATTCTTCTCGGGCTTCCTAGACTATCTTTTTAAACCTTGGAGTTTGATTTCTCCCAGAAAAGGCACAGCCTGTGAACTGATTTACAGTATTATTGGAAGACGAGGTTGCTTCTAATAATTGATAAAGTTCTCTCAAGCACCCTACTTGAAAATAAGCCTTCCTGTCAAAAAACTGTTTAGTGACGTGGAAACCAGTAGGCTTTCCTGATTGTATCTGAAAATGTGGC
59M_OVARY_amplicon2_annotated_cycles.txt,Segment37,8,71974787,71975209,-,422,171,40.52132701421801,ATTGGTACTTTAAACGGAGTCGGAAGAGATATTATATCATACTTTTGcgaaagtctttttttcctcAGTAAACTGAAGTTGAGAGTGAGAAGACTTAGTTGTCTAGTAGACGAAttttgtcacattgtacatactTTCGTGTCGAATCATTCCCAGAACCGACGTTAATTTATGACATAATTTTTAAATCAAGAAATCAAGAAATATTCTTTCTGAGCACCCAAGGTTACAGTGtcactttgaagaaaaaaaaaaaaaaactttacctcagaatgaaaacaacgggtccgacctcacgttaccgcgctagaaccgagtggcgttggaggcggagggtccaagttcactaagaggacggagtccgaggtctcattgaccctaatgtccgtacgtggtggtgcggccgattaaaacgtaaaaatc
59M_OVARY_amplicon2_annotated_cycles.txt,Segment59,11,38791107,38791118,+,11,2,18.181818181818183,gataacaatttt
AU565_BREAST_amplicon11_annotated_cycles.txt,Segment2,X,30795359,30796259,+,900,478,53.11111111111111,gTGCCTTGCTTTGTGCCTTGTCTTGCCTGATGCCTTtacttgccttgtgccttgcgtTGCCTTGTGCCTTGGCTTGCCTTGCCTTGCTTTACCCTGCACTTTGCATTGCCTTGCtttgccttgtgccttgccttgctttgccttgtgccttgccttgccttgctttgtgccttgccttgccttgctttgctttgtgccttgccttgccttgtgccttgccttgccttgtgccatGCCTTGCCTTGTGCCGTGTCTTGCCTTGCTttctgccttgccttgccttgccttgccttctgcctttttttgcttttccttgcttttccttgccatgccttgtgccttgccttgccttgctttgccttgccttgtgccttgccttgccttgacTTGTGCGTTGATTTGCCTTGCCTTGTTACTTGCCttcccttggcttgtggcttgtcttgccttgccttgtgccttgcttGTGCCTTGGTCTCCCTTACCTTGTGCCTTATCTTGTCTTGCCTTGTCTTGCCTTGCCTTGTATCTTGCattgccttgccttgtgccttaccttgtgccttcccttcccttgccttgccttgtgccttccCTTGGCTTGCCTTGTAACTTGCCTTGCCTTATGCCTTGCCTTGCCTTATTCCTTGTCTTGCCATGCCTTGCCTTGCTTTGCcttttgccttgccttgccttgcattgtgccttgccttgccttgccttgccttgtgccttgccttgccttgccttgcctcgTGCCTTGCTTTGGCTTGCCTTGACTTGGgtcttgccttgccttgccttgatTTTTGCTTTGCCTTGCCATTTCCTTGCAGCTTGCCTGGACTTGCCTTGTCCCTTGTCCCTTGCCTTGCCTTTTGCCTTCACTTGCCTTGCTTTG
AU565_BREAST_amplicon3_annotated_cycles.txt,Segment83,8,80933679,80933859,+,180,88,48.888888888888886,GGATAGCAACCATAACCAGAAGTCAAAGCAATTTTGCCTGggttcctagccaaggaaagatTCTATTTCTCTAGGGGTGAAGGGGGTTAGCAGAGAAGTTAAGTCTGACTCAAGAAGTGGGAGCAATGGAGGGTGAGGAGGGACCCCTGTCCAACTGGAGGTCAGAGCTTAGATAGATGTG
AU565_BREAST_amplicon3_annotated_cycles.txt,Segment108,8,89620032,89620109,+,77,26,33.76623376623377,GATGGACAATTAGGGAGATATAATACTGCAACCATGTCTTAGTCCAATGAGGTTGTTattacaaaataccataaacta
AU565_BREAST_amplicon3_annotated_cycles.txt,Segment43,8,71754758,71754830,-,72,28,38.88888888888889,acacacacacgtgtctttTGTTAGTGTAGACTTGGGGActtgtataaaaaagtaataggTCAACTGTTAAGGG
BT20_BREAST_amplicon2_annotated_cycles.txt,Segment13,7,61026602,61027235,+,633,214,33.80726698262243,attcccttcgatgattccatttgattttattcaaagatgattccatttgattccattcgataattccattcgattccatttgatgattccaatggattccatttgatgatgatcccATTCGAGTTTGTTCCatgactccattcaattccatttgatgatgattccattcgtgtctattccatgattccatttcattacattcgatgatgattctattcaattcctttccatgatgattccattcgattccattcaatgatgattccattcgattccattcaatgatgattccatttgatttcattcgatgattctatttgattccattcaaagatgattcccttctattccattcaatgattccattcgatttcattcgatgatgattccattctaatccatttgatgattccattccattacatttgatgatgactccattcgagtccagtcaatgactccattcgatttcattagatgatgattccactcgagtccattcgatgattcaatGCGATTTCATTAGACAATAATtacattcgattctattcgatgattccttttgattccatttgatgatgattcctttcaagcccattcgatgattctattcaattctattcaatgatgattc
BT20_BREAST_amplicon2_annotated_cycles.txt,Segment24,7,62301155,62301436,-,281,97,34.519572953736656,taagctactaaggtaagctaatgtataCTACTACTAAgtcaagctaaggtaagctactaaggtaaactaaggtaagtaactactaacgtaagctcaggtaaactactaaggaaaactaaagtaagttactactaaggtaagctcaggtaaactagtAAGATAAACTTAGGTGAACTACTAACGAAAGCTAgtataagctactactaaggtaagctcaggtaagctactaaggtaagttaaggtaaactactactaaggtaagcacaggtaatttactaaggt
BT20_BREAST_amplicon2_annotated_cycles.txt,Segment12,7,60996061,60996398,-,337,88,26.112759643916917,taagtagtaaagtagagtaaagtaataaagtagtaaattagtaaagtgaagtaaagtagtaaagtaaagtagtaaagtatagtaaagaagtaaagtggtaaactagaaaagtaaagtacagtagaaaagtagtaaagtaaagtagtaaagtgaatagtaaagtaaagtaaagtaaaggagtaaagtaaagtggtaaagtagtaaagtaaagtagtaaggtaaagtagtaaagtaatgtaaagtagtaaagtagtaaagtgaagtagagaagtaaagtagaaagtaacgtaataaagtagagtagtaaagtagagtaaagtaaagtagagtagtaaagt
BT20_BREAST_amplicon3_annotated_cycles.txt,Segment7,12,131185221,131185228,+,7,6,85.71428571428571,TCCCCTCC
BT20_BREAST_amplicon3_annotated_cycles.txt,Segment12,12,131387730,131388612,-,882,554,62.81179138321995,gTCGACCTCGACGACCGTGAGGGACCCGTGAACGAGACCGGTCTCCCCTGAAGTCTCCGTCCTTGTCGGACCACCACTCCACAGTCGACCTCTTCTCTAAGTCCCTTTCAAACGGGACCCGTCCCCCTCGCCTCCTCACCCATCACACCAGACGTCCCGACCCGACTGGACaccgtccccttccttccccaAAGAGGGACAGGGGACCTCCCACCACTCGAGGGACAGTGACCCTTCAAAGTTGGTCTCCGCTCTACTGACTAGGTGCCGGTCCTTCGAGACGGGAGGTCCTCTCCCACCAGGGTTGACCTTTAGGGGTTTCGACGGACTATCTTTTGTCGTAGGTCCAGGTCCTGCGACGTTACGAAGCGGAGGGTCCAGGGGGACCACTCAGACTCAGACGACCCGGGCTCCTGGGGGAAAAGAGACGACAGGGAGAGTCCGGACTCCCGGGACTAAGACCCGCAGACACTCGGGATCCGGACTCCGACCGGGACCTAGGAGAGTCACGTCCTTCCCCGAGACCCTCCCGTCCCCAGAGCCTCGGAGTTAAGAGGTGGTCCCGGGGTCTTGGGTCTTGACGAGGTCCGTACACTGCTCGAGAGTGGACCGGAAACACCTTTGTGACTTATACTCCCTCTCCTGTGACggggggaagaggagagggttAGGGTCCGATCCTCTGTTCCTCGGGGTAGGACCCCGGACCCGGTGCGTCGGACTCTTTTGCTCGTGACGTGGCACCGCCGTGGCCCCTCCTGTGTCGCGATTCTGAGGGCACCAGGGGGTCGGGTGCCGCAGTGCCCAGTGCTCCCCAGAAGGGCGATTCCTGATTCGACCGGATAAGGGAGGGGACGGACTCGTCGACCGCCTCTTGCACAAA
BT20_BREAST_amplicon3_annotated_cycles.txt,Segment10,12,131385916,131386533,-,617,399,64.6677471636953,AAAGGTTActttccgtcccctcctccctccgagtCGGAAAACGTCCGAAATGGCCGGGGCTGCTGGAGTCTACGAGGGTCTCGGGGGTCACGTCCTCCAGGACTGGATAGTCCCAGACGTCCTCCCAGACCTCTTTCCTCGTcggtggggagtggggtgttcCTCGTCTTCGTCCACTCCCACAATTTCCACGAGGGTGGTGGACGGTCCCACGCGGCGTGAAGTGTCAAACGTCTcacggacgggaggggagggagaggtacGTGTGAGTGTGGACACCCACAGCGTCCCCGGTGTGGTATGGACCTGGGCACTCAAGACCGCAAGAGAACTCAAGGTCCGTGGGTCCGGGTCGACGGCCGGAGACGTCCAGAGAACCCGACCCGGTCCACGACGGGGGTCTCGTTCTCGACGTCGGACGGGTGAGGGCGAGAGGTCTTCGAAGATGGACGCGGTGGGGGCCCGAGAGGTCCGTCGGGGTCGACTCCAGACACGGAGAAGAACGGGTGCGTCCACTGAAACGGTCGTTCTACGTCTCCGAGGACCCTCCCGACCCCAGAGAGAGTTGGGTCCCAGGAGTTCGAGGgagcccctcccccgcccccaaCCCTCCACACC
BT20_BREAST_amplicon3_annotated_cycles.txt,Segment11,12,131387482,131387738,+,256,157,61.328125,CTGTGAGGCTCCCCCGCAGCGGAAGTCCTGTGTGAAGCTGCTCCTGctggctcccctcccccactcccactGCTCTAAGAGGCCGGGAGGACCCGCGTGTTTGGGTGGATGTGAATGCTTATTGGCCCAGTGAAGGCGCACCTGCAGAGCGGTTGACATGGGGCTCCTGAGTGGGAAGCAGCAGTGTGGGCCTGACGTCCGCCCATTAGCACACACCTGAGGCCGCTCCTAAACTGAGTTAGGCTTTGAAACACGTT
BT20_BREAST_amplicon9_annotated_cycles.txt,Segment6,7,52952665,52953007,+,342,122,35.67251461988304,gcacatagcatatgtcatcagggaattgTAAACTCAAGTAACAGTGAGATGCCAGTACACtcattagaatgactaaaatccCAAACACTGAcatcaaatgctgatgaggacAGAAAGCAATGGCAACTCCCATTTATGTTGCTaggtatttattaaatgaaacgAAAGCTTAGGACCACACAAAAGCCTGCTGACAATTGTTTATAGcactttattcataactgccaagAATTAGGTGCAAACAAGCTGCCCATCAATAGGTAAACTGATAAACAAACTAAAGTACGTTTATATAATTGATTATCATTCAGTGATAAAGAGGAATACACTATCAAGCTACAAA
BT20_BREAST_amplicon9_annotated_cycles.txt,Segment7,7,52957923,52957925,-,2,2,100.0,GTC
BT474_BREAST_amplicon1_annotated_cycles.txt,Segment59,10,14575203,14575892,+,689,323,46.879535558780844,gtttttttgttttttttttgagatggcgtctcgctctatcgcccaggctggagtgtagtggtgcactcttggctcactgcagcctccacctcccaggttcaagcgattctcctgcctcagcctcctgagtaactaggattacaagagcgtgccaccacaccagctaatttttgtatttttagtagagaaggcatttcaccatgttggccaggctggtctcgaattcctgacctcaagagatctgcccgcctcaacctctgagagtgctgggattacaggtatgagacactgcgcccggccaagaagcTTTTCAATGGAGAGCAATACAAACACAGTCAAGAAAAAGCACTGTGTGATGGCCTGGACACCAAGGGAATACCACACACGTCACAAAGGAGCTCAGGCAGGCACAGGGGCCAGGGAAACCTAACATCTAAAAGATCTTTAGGGTACAGCTTCCAAACTTTTCTAACAGCAACTGACAACCAGAAAAACATTTTACATCACAATGCAGACAGACACATGTGTGCACGGGCtcacaaaacaatacaaataccCCATATGGGCACACATTTCCTAATCTACTTTACGTTTTAAAATGCGGGCTGTGACCCTCAGTATAAAAACACTGAGTCAGATCCAGCAAGGGATGAAAGAATAAGccatgtggtctatccatacaacaCAGAT
BT474_BREAST_amplicon1_annotated_cycles.txt,Segment308,20,58735896,58736157,+,261,93,35.63218390804598,taaagagTTTTGTTCTTCAAAAGAAACTGTTAAGAGAAGGACAAATATCACATGGTCTTACTTTTATGTGGAATCAGAACAAGTTGAACTCAAacaagtagagagtagaatggtggatACAAGAGAGCAGAGCGGGAGAAGTCactggggaagggagagatgtTAGtgaaagggtacaaagtttcatttGAGAGGAATAAGTTCCAGTGATCTATTGCATAgcacagtgactatagttaataatttatatttcaaaattact
BT474_BREAST_amplicon4_annotated_cycles.txt,Segment7,11,63934179,63934471,+,292,154,52.73972602739726,gccgatattgcaccactgcactccagcctgggcatcagagcgagactccgtctcaaaaaagacaagacaagaaaagaaatttctaggccgggcgtggtggctcatgcctgtaatcccagcactttgggaggctgaggcgggtggatcacgagatcaggagttcaataccagcctggccaagatggtgaaaccctgtctctactaaaaatacaaaaacattagccaggcatggtggcgggtgcctgtaatcccagctactgggaaggctgaggcagagaattgcttgaacccag
BT474_BREAST_amplicon4_annotated_cycles.txt,Segment6,11,63931434,63931436,+,2,1,50.0,ACA
BT474_BREAST_amplicon4_annotated_cycles.txt,Segment16,11,65278870,65279327,+,457,204,44.63894967177243,CACTAACTGGGAGCTACAAATCCATGTTTCAGAAGCTCCCAGACATTCGAGAAGGTGATTGTTTTTCCCTTTGAAATTCTGGTGGATATAAAACCACCTAGAAGGGTGTAGAGTAACAAAGCTTCAGCTAGGCTGGTAGAACAAGTTCCAAGGTTGCCTTTCAATGTATGAGTTGGTAGATGTCCTCATGGAAGCCCTAGTAATGGAGGGACACGGGCAATACTATCAGTGATTGCCCCAAGTCACTTCACTTTGCTAAAACGCACATAACCATTCCCAGCAGCAAAAACTTGAACGATGTAAAGGAATTCAACTTAAAGATATTCATGGTTCCTTCGTTAGAAGCCTTCTTCAGGTTGGCCTTGACTTGCCTAAAACCTCAGTGAGGACTTGAGTAAAGGGCAGACTTGGAGATGGGGTGGGGTTCATGCTGATTCCCTGGAATTGTGCTATGGGGT
BT474_BREAST_amplicon4_annotated_cycles.txt,Segment11,11,65271761,65272021,+,260,109,41.92307692307693,cccgggaggtggaagttgcagtgagccaagattacaccactgccctccaggctggatgacagaaccagactccgtctgaaaaaaaaaaaaaaaaaaaagtttgtgactGTGAATTCCACGCTAAATGAGTTGGAGTGAAATGTTGAGCAAACAATATGTCCAGGCTAGAGATacgtaaaatgcttagaacagtacTTATCACATGGAAATTGTTCAGTCACTGTTAGGCCATGCATCAATGGCAGCATGATAAAATAGTCA
BT474_BREAST_amplicon4_annotated_cycles.txt,Segment13,11,65272915,65273086,+,171,86,50.29239766081871,gaggcaggagaattgcttgaacagaggcggaggttgcagtgagctgagatcgtgccactgcactccagcctgggcaatcagagcaaaactccatctcaaaaaaaaaaaagaaaagatgaaactagccaggcgcagtggcttatgcctgtaatcctagcactttgggaggcca
BT474_BREAST_amplicon4_annotated_cycles.txt,Segment23,11,65625527,65625750,+,223,140,62.78026905829597,tgggggtctgTGGGGAGGTGGTGACAGGTCCTGGGGTTCCTGGGAGGGGCATGTCCAGCTTGGGCTGCTGGGCAGCTGAGTGTCTCTCCTGGCCGGGCAGCTGAATGTCTCTCCTGGCCCTGCAGCGTGAGGTCTTGCACTCCGACCTGGTGATGTGTGTGGTGATCGCCGTGCTCACCTTCGCCATCAGCGCCAGCACCGTCTTTATTGCCCTGAAGGTTTGT
BT474_BREAST_amplicon4_annotated_cycles.txt,Segment36,11,69474360,69474512,-,152,65,42.76315789473684,CTCTGTAACAACCTCTACTCTGACACAATGACGGTCTGTTCCCACAATAACTAAACTAAATCAAGTAAAGGTGACTTGAGTCAATTAAGTTAAGTCACGTTGGGTCAGAGTAGGTCAGGTTGACTCGTTTCCAAAAGGTTCATGGAGACTCCC
C2BBE1_LARGE_INTESTINE_amplicon1_annotated_cycles.txt,Segment6,17,47988972,47989697,+,725,330,45.51724137931035,TTACAAGCACACACCCTACAAGGGGTCAAAGAGCCAAGGCAGCTCTCTTCATTCCTTATCCATCTgtgggttttggttttggttttgaggTAAGACATACATAgaataaaatgtatcattttaaccttttttgagcgtacagttcagtgacattcacattgctgtaccaccatcatcactatccatTCTGTTTTTGCAGAATATTGAGCCATCCTAGGAGACCTGTAATCACCTCTAACAAACAGCAACAATGGAGGCAGGGCCCTGTAGCTAGAAGAGTTCTGTGTGAAATCCAGAAAATTGGAGAACGCCCACAGGAGCCCCGGGAGATTGAAATAGAGGCCTGCCGTTCAGGAGGCAGGTTTGGGAGGAAATCCTGCAGAGATTCCCCATTAAACACAGATTTCCCCTAAGCTTGAGCGATTAGGAGGTGAAAGATGACATACAATGGTGACAGACTGTCTGTCAACCTGATAGGGCCGAGGAGAGACACGGCCCCGTATTTTATTTTGTCGTGGAGTCGATCAGTAGGTCTGTCATAGAAACTAGCCCTGACAGCTCGCTCAACAACTCTGCTCTCTTTTCTTAACTCTTGAAGCCCAGCTCCACCATCTATTAAAACATCCTGGGCTGTCAGGGATATTAAAAGGCTCTGTCACTCTTTCTTAAAACAGTCATAAATACAATCTGGACACCAGCATTTGGGCAGGAGCCCCAGCATTGAGT
C2BBE1_LARGE_INTESTINE_amplicon3_annotated_cycles.txt,Segment9,17,50637685,50638178,+,493,239,48.478701825557806,CCACCTCACAAGATTTTTCTGATCAAATGAGACAGGGAATGTGGAATGATTTTAAGAACTAAGAAGTTTTCTATGGGTGGCAAGTTCTGACATTCCCcggaagagggaggagaaagaaaaatggggttAGAAGAAAATGTCAGACGTGGGAAGACCTGCAGGGAAAGAGCTGGTAGGGCTGTCGGGCCAGTGGCTCCCATTTCAGCTGTTTGCTGGGGAGCTGGGAGCTGTTCCTGGCTCAGTCTGAGGGTAGGAGACTGGAGAGGACCATGCCCCTTGGGACATGTGTACACACATCTGTGTACTCACACACCACCTGCCAGGTGAATGATTTGTGTGaatccttctctctctcacccatATCGACTTTGAAGCAGGTTACCAACTTCCCTGAATGTGCCTTGGGAGTTTTTGTGGAAATAAATTCCAAAAGAGTGAACTGTGTAATTAAACCAcctcactactcaggaggccagaGGTGCCTCAGAACAAGG
C2BBE1_LARGE_INTESTINE_amplicon3_annotated_cycles.txt,Segment6,17,50393663,50394173,+,510,222,43.529411764705884,ACAACCTCAGCTAATGAGGCACTATTCATGCTCTCTAGGGACTTGGAAATGCCAGTGGATCTGAAATGCAGAGTGAAATGGAAGTTGTCAGTACAGACAACAGAACAAGCTCAGATCGAAAAGTGCACTTGGCTGAATGACCATCTGGCAAAGTGTACAGAAGGAGTGCGGCTGCAAGGAATTGCTaacctgcttttatttttaattttttagaggcgggatcttgctatgttgtccaggctgctctcaaactcctgggctaagtgattctcccacctcagcctcctgagttactgggattataggcatgaaccacagctCCCAACATATTCTTCTTTTATTCAACACAAAATACTTTCTGGAAGAAGTGAGATCTCGATGCTTTTTGAATGTTAGAAACAGTTTTTGATGAGCTGTGACAAGGTACTGTGGACGATGAGCAAGGCCTAGGAGAATACTGAGAGGTGAGTGGACTAATAATCCAATGAGGACATTGCCAACTTCTGAATTC
C2BBE1_LARGE_INTESTINE_amplicon3_annotated_cycles.txt,Segment8,17,50573678,50574208,+,530,244,46.0377358490566,TGATCAGTGATCAATTGGTGTTAAATGCTGCCTGATCTCTTATTCCTGCCAGTTCAGAAATTGCCAGACTTTAAGAAGGCAGAAGACGGAGGCAAAAGCAGCaatatttaatagttttaatCACTACCATTCATAGTTAATAACTTCATCGCCACCACTttgagctaatatttattgagcacttactatgcgCCAGCCCCTGATCTAAGCACTTTCAATGTGCTGgtgcatttaatcctcaccgtgatcctctccattttacagatgaggaaactgacatttCCTCATTTATCTGACCCTACCAGACGCTTTGCCTATGCTGTGTATTAATCTCCAAGAGTGGGGCATCACTGCTGACGTATGCTGTAACATCTGCTGCCTGTTTAATCCTCGTCGTCCCCTGTGAGGTGCCAGGGCAGGGATTGTGGTCCCCATCTCTTAAATGAGAATTCAGCGCCCCAGAGGGTGGGTCActgggccaagatcacacagaaAGTAAGCGGCTGGGGCTGAGAATTCAGTCCCAGGCTA
CAL120_BREAST_amplicon7_annotated_cycles.txt,Segment3,8,30478747,30479584,+,837,334,39.904420549581836,cttggcctcccaaagtactgggattacaggcgtgagccaccctgcccagccagcaCAGGATTTTTTAAGGCATCCCTTAGGATTTGAGATAGGAATGTTCACTTTGTAATTTTGGTCATGCAGTGAGAGTCCAGGGGTTTTATCATTGTGTCATTGTATTCTTGCACTTACAGTGTACCAAAAGGTGATTCGgttctctttccattttaaaagatgaagaaactgaggtacagtgAATTTGATTTAGGAAAGTAGAGCCTCTCCAACCCAAGTTTTCCTCTATTCCCTTGTTCACTGCTGTTCACCTTTCAACCACTTCTAGATTTTTTTATGATTCTCTAAATCCCCAGCTGTGCTCTTGAAGAACTACCCTCACCATCCCTTTGATTCATATTAGAAATTTGGCTAAGCCACTGAGTCATGATTCTTCGGGACTTCGCTTTCTTATTTCTGCCCATTGCCTGTGGTCATTTCTTTATCTTAGCTCTTCAGTTTGATGTCACCCTTGACCTAGAAAAGTAGacatcatctgattttttttcttcatatttctctttttttttctcagcctgTAGGTTTTGTCAGTTTTGACAGTCGctcagaagcagaggctgcaaaGAATGCTTTGAATGTAAGTACTAATGATGTAATTGTAGGGGGTTTCCATATGAGGTGGTGGGAAGTAATGGAATCTCTTTGGACGGGAAATCAAGTGGAAAGAATATGACTGCACAGTCTAAGAGGGAGGGATTCATCAATTTAATTAGCACTCTAAAGAGCTTTTTCCAAGAATTGTGATCAGATATGCAGATTATTAAATAGCACTCTGCTTTTTGAT
CAL120_BREAST_amplicon7_annotated_cycles.txt,Segment63,8,43388412,43389292,-,880,279,31.704545454545453,tctatgatgaccttcaggatctgatTCGTTCattcgttccctttctttattttccgtaggtttaaccttttctctttcagtctaATAGAGACAAACGAATAACTAGAATATGGACcatttgggatttctgaggatgTTCTTTGAGGATCtgaactatttactgaagtcattacaaagtcctatgttttatttacacgtttttcttCATAGTAAAGATATGTAGTAATTACAAGTTCGACTTTTGGTTTAGTTCCTGAgttagaataaatgttatcggtgtgtttgTACTTTATGGATCTTCAAGTAAAATCAGTTCCTCCACCTTCTAGACACAATCCTCTTGATGTGAGGTCCGTTtctgttttgtgactactttctttagtatctactttgtttgtacattttttataGGATATTGGTACCTAAACtttcttagttacagtaattttGCTGGTATGACAGGTTCCGTTATATGTTTAAGTTACGTAAGACCAGTTTGATAATGgtagtaaaaagtttcttaatcattttattaaattctaagtgtaccttactttttttttcggattcgtttttattgtatcTACTTCCGTGGgataatggactaaagtttaatgtgatgttctgacatcattggttttgtcgtactactACCATGTCTTAATATGGGTATCCTATTACCTTGTCTGGTCCCGGgagtatacatgtatacatatcttttttgttagatatATTgaacaggattttatttaatttgtcggtgcacatcttcttattttgacttagGGATAtgggtggtatatgtttttaattgtcttttacctaatttctgaatttaaattctgacctttgatatttttaagattttcttttggattttt
CAL120_BREAST_amplicon7_annotated_cycles.txt,Segment1,8,29722632,29723541,-,909,393,43.23432343234324,taatcgacctacaccatcacgtacgaacattagggtcgatgagccctccgactccgtcctcttagcgaacttggcccctcagcctccaacgtcactcggctctagcgtggtgacgtgaggtcggaccactgtctcgctctgaggaagagtttttttttctttctttttttcttagattgaataaaaacaaatattgtCCCATATAAAAGAACCATCTACGAATTCGGACTACACATGAAAGAACCACCGTATTTAGTGAAGACCTTCCCCTGACATTCTGTCCAGAGGGTTTGTACTTGCCATGGGTAGTCGAAAATTACCACCAGAACCGACAGCCGAACCTAATATGAAGGTGATCCCCCGCGAGAAGGGAAATTTACAGTTTTTGATAGAAGTGACCTTCAGTTATAACGTTGTCCTTGTTACCTTTGCAAATAAAGGAAAGCCTTTATCGACGATGACTCGTGTCGAGACCTTCCTCTAATAATTCCTATACGCTCAACGTTTCTTTTATGAACCAACATCGTCGTTTAAGTGGATGATAACTTCTGTATTACAGTTACTTGTCACCACCGACATCAACGACACCCTAAGGACTACATCACTGAAGATCCTCTAGGAAAGGATGAGGTGCACCGTCGATCGTTTAAAGAGAGAGATTTAAGTTGGACCTCAGTTCCCTAGGAAGAGTTATTAAAGTGTTTGAAAACCCGGACATTAGAAAGATCCAACTTAAGATCCAAACTAAACCACTGAAATTTAGAACACTCTAGAGTCGGTAAAGGTTCAGGATTGGGAAGTGACGTGTTTATTCCTTTGTCCGTGTTTCTCCATCTTGTCACACAGATCTGGTATGTCGTGTTTCCCCGTCTAGAAGACTACGGCACAAAGTTTAATGAAGTCAGGAATC
CAL851_BREAST_amplicon1_annotated_cycles.txt,Segment7,6,145038114,145038722,-,608,254,41.776315789473685,tgatctttttattaataccatTACATTTACTAGATTATTTGTAAAGtgcttacttttttttttactgggaagAAGACTTTTAGGGGAAGGTTTTACTATCAAATAGGGAATCCCCACCTTTAACTGAAGAGAGAAGGGGGTCCATTATCCTAATCTTGTTAAGGTGGACTATAACCagggactttaaatttttttttaattaaatatttgagACCTCGACTACCAAGGACTCCAATTAAGAAGTGTGCCGGAAAGTGTAAGAGGGTCCTTCTGGAGAAAGGCTATACCACACCCAAACCCGATACCGTTTCTTTTTGACGTGACGTGTCTCAATTTGTTTGTTCCTTCTGAAATAAATTCTGCTAATGTTATCCCCAGTTCAGACAACGGTCTCCCTTGTGTTAAGACCCATGTCTGCTTCGTCGACCCCCAAATATCGGTTACCCTTCCCATTCCCTCACTTACTTTTTAATGATTTCCTTGAACCAATCTATAGTCACCAACCCCCACTGCCCCGAAGACGAGTAGACCGAACCGTCCTAAGAATGACTTGTCCCGATCTTCCGGTTCCTGTCGTCCGGTCCCTACTTCTGGTCAGTTCTTCTCTCG
CALU6_LUNG_amplicon1_annotated_cycles.txt,Segment38,13,96482489,96483204,+,715,267,37.34265734265734,AGGTAGCCTTGTCTGTCCTATAGGGACTAACTTTTTATCTGGTCTCCTCTGCAGTGTTGTTAGAAGCCCATAATGATCAAACGACTTGATTAAGGTCATTTCCTGGGCTGAGGCAGCTGAATCTTTCTAGGCCCTGACCAGCTTTCAAAATGACTTTCCATCAATTCCATCCAGCAATTGTCCTTCGTCACCTCAAGTTCAGtcaaacattaaatataaagaagtGGATAAGATAGAAATCTACGGAAGGGTGCAAAACTAAAAAGGCAGATTAATCTGCATGAGTATGTTTCACTTTTAGTTGTTCCTAGCAGAGCCTAGGAAATATTGTTAAATGGAAAAAGTTTTAAAGGTATGCCCATGCCTTTAAGTGATtaatttttctgacttctttGATGCATCCCCACAAATGTGCATTTTCTTCCTAATGTTACTTTTAGCATGTCATACACTAAAAGTAGTTCTTAATCCACCAGCTGATTTGATAGTAAGTGgtgtttattgagtacttacctTGTGCCAGATACTAGGTGCTGAGGATAAATAATATGAATGCAAAAGCAGATATAGTCACCATCCTCATGAGCTTAGAGTCATTAGTTAGAATATCACATTCATGAAAGTATAAAAGCAAACAGAGCTAACTTCCTATGGAAAGGAATATGGCTTGATGGtttgatgaatgcatttaactgtGGGAATGGTCAGATTTTGCA
CALU6_LUNG_amplicon1_annotated_cycles.txt,Segment43,13,100399711,100400017,+,306,113,36.9281045751634,CTTGAATTACTTTTGTGACCCAGACTAACAGGAACACTTTATTCTGACCTCATTCTTCAATGAATAGAAATTGTAGAAAGCATAATATGCAGTGTATGTGATGACTGATTGTTTTTCAGGTAACCTTTTACAGCTATCTGCTCTGTTGCCTACTTCCTCCCCCCACTACCTCCCTTCCCAGTGCTCAGAGAAACCAAAGTACTGTAAATGTGTGGAATAAAAAGGAGATAACAATCATTAATGaatattgaattaatttatttgagtGGTTTGTTGCCAAAAGCTTGAGGATGTCATAAGAGTTAGG
CALU6_LUNG_amplicon1_annotated_cycles.txt,Segment6,11,121619869,121619873,-,4,4,100.0,GGTGC
CALU6_LUNG_amplicon1_annotated_cycles.txt,Segment7,11,121619869,121620059,-,190,106,55.78947368421052,TGACTTTACCCTCTCTCTGGAGGACGACTCGCGGTCTTTGGTCCGGACACAAAGAACGGGGTAATCTCCTAGGGGAAGGTAGGGTGGGGTGGGATTGGTCCGGTCCTTATTTGTTTCTCCGGACCTTCGGGTTGGGTGAGTGGTTCAGGACCAGTCCTCTCAGTATGCCACTAAGGGTGAACTACTGGTGC
CAMA1_BREAST_amplicon3_annotated_cycles.txt,Segment4,8,29239671,29240090,+,419,194,46.30071599045346,gttttgttttgagactaagtcttactctatcgcccaagttggagtgcggtggcacgatcttggctaactgcaacctccgccttccaggttcaagcaattctcgtgcctcagcctcttgagtagctggcattacaggtgcccgccaccatgcctggctaatttttgtatttttagtagagacggggtttcaccatgtgggccaggctggtttcgaactcctgacctcaagtgatctgcgtgccttggcctctcaaactgctgggattacaggcatgagccactgcgcctggccgcaatacacccttgtaacaaacctgtatgtgtaCCCCtggaatctaaaagaaaaaaaaaagaaacacaaaagaggaaaaaaaaaaaaagaaagaacaggaaatTTGATAAAATACCAAGTTTGAGCTT
CAOV3_OVARY_amplicon1_annotated_cycles.txt,Segment2,2,62183999,62184180,-,181,70,38.67403314917127,TTACTCAAAAAAGTCTTCCACCGTGATTTTGATTGTACCGTCGTTTTAGACTGACCTGGAATACCCTCCCGtatcaaaaataaataggatACAAAGTGATGTTTATACAATTCCACAAACTAGTACCTCGACGAGGCTTGTGTAAGTATATAGACGTCACTTTGTACCCCACAATCTATCTG
CHAGOK1_LUNG_amplicon8_annotated_cycles.txt,Segment8,22,20360065,20360845,+,780,543,69.61538461538461,AGGTCGCCGCCCACGGCATCGcgaacgaggacgccgcccagggcatcgcgaacgaggacgccgcccagggcatcgcacACGAGGACGCCGTCCAGGGCATCGCTAACGAGGACGCCGTCCACAGCGTCGCTAAAGAGGTCGCCGCCCATGGCGTCGCTAACGAGGATGCCGCCCACGCGATCGCTAAGCCGGACGCCGCCCGCGGCATCGCTAACGAGGttgccgcccagggcatcgctaCCGAGGATGTCGCCGACGGCATCGctaacgaggacgccgcccacggCGTCGCTAACGAGGTCGCCGCCCACGGCATCTCTAAGGAGGACGCCGTCCAGGGCATCGcgaacgaggacgccgcccagggcatcgctaaGGAGGACCCCATCCAGGGCGTCGCTAACGAGGTTGAAGTCCAGGGCGTCGCACACGAGGACGCCGTCCAGGGCATCGctaacgaggacgccgcccacggcatcgccaacgaggacgCTGCCCAGGGCATCGcgaacgaggacgccgcccaggacATCGCaaacgaggacgccgcccagggcatcgctaaGGAGGACCCCGTCCAGGGCGTCGCTAACGAGGACCCCGTCCAGGGCGTCGCTAACGAGGACGCCGTCCAGGGCGTCGCTAACGAGGTTGAAGTCCAGGGCGTCGCACACGAGGACGCCGTCCAGGGCATCGctaacgaggacgccgcccacggCATCGCTAACGAGGTCGCCGCCCACGGCATCGcgaacgaggacgccgcccagggcatcgcgaa
CHAGOK1_LUNG_amplicon8_annotated_cycles.txt,Segment6,22,20356464,20357047,+,583,400,68.61063464837049,CGCCGTCCAGGGCATCGcgaacgaggacgccgcccagggcatcgctaaGGAGGACCCCGTCCAGGGCGTCGCTAACGAGGACGCCGTCCAGGGCGTCGCTAACGAGGTTGAAGTCCAGGGCGTCGCACACGAGGACGCCGTCCAGGGCATCGctaacgaggacgccgcccacggCATCACTAACGAGGTCGCCGCCCACGGCATCGcgaacgaggacgccgcccagggcatagCACATGAGGATGCCGTCCAGGGCATCGCTAACGAGGACGCCGTCCACGGCGTCGCTAAAGAGGTCGCCGCCCACGGCGTCGCTAACGAGGATGCCGCCCACGCGATCGCTAAGCCGGATGCCGCCCACGGCATCGCTAACGAGGTCGCCACCCAGGGCATCGCTACCGAGGATGTCGCCGACGGCATCGCTAATGAGGACGCCGCCCACGGCGTCGCTAAAGAGGTCACCGCCCACGGCGTCGCTAACGAGGACGCCGTCCAGGGCGTCGTTAACGAGGACGCCCTCCACGGCGTCGTCGCTAACGAGGATGCCGCCCAAGCGATCGCTAAGCCGGACGCCGCCCATGGCA
CORL23_LUNG_amplicon1_annotated_cycles.txt,Segment85,8,127860832,127861586,-,754,353,46.816976127320956,CAGtattatattcaatttttttttttgtacagtttttgttttggtagacTTTCGTTCTGTTGTTCTACAATTCCCACTGATAACGATTCACAGTCTTACTACCCACTATTAATGCCCACTAGATATAAACtagttaaaaatcatctccgtcccaaaacggtacaaccggtccgaccagagtttgaggactggagtccactaggtgggcggaaccggagggtttcacgaccctaatgtccacactcggtgccgcgggtcggacgTGGGTACGAAAACAGGTTTCAGGATCAGTAGCTGGACAAACTCTTCACCGAGGGTAGTCTTTGTTCACCGGGTTGACACGGtgaactttgagacagagttattttttcctATCAATCAACCTTCGGATCGATCCACCTTCCGACCAATCTACTTTCCCACCGACCCACcttattttatgtcttcttaccaaccctctttttttgtaccttcccatcttcctttttgtcttcgtATCCTCTTTCCCCTATAACTCCACTTTAGTGGTCCTTCTCCACTCCATTATCCAGGTTCCGTTGTGCTATAGTCATGTGGTTactcctccctccgacccctgTGCAGGTGTCACCGTAGGGTTCAAGTGCGGAGATGGTACCCAGTATTCGGTGGTAAGACACGTACAAAGTTACACTTTCTGTGAGAAGTTCCTCGGGGAACGGGAACTCTTCCAGTGGCTCATCCTCCCTCTCTTTACCGGTGGACTGGTTCACGAT
CORL23_LUNG_amplicon1_annotated_cycles.txt,Segment11,8,126217057,126217344,-,287,106,36.933797909407666,AGTGAATTCAGTAAACATCGTGATGTGAAGTACGTGAAGTGCGTAGGATTACTAATGATAACACAAACCTCTTTAGTGTTCACTTTGTTTCTTAAACGTTGTAGCTCTTTACCTTTCTCTCATTTTTACCTCGATACTGGGATtcctttataaagaactcacgtAAGATATGACGTGATCAGGATGTTCAACAAGGTAATAGTCAATTCAAACCCTTTTACTTATGGTCTAGGGGATCAACCTATCAGTGTAACGTATACACTCGTAAATTCTTCTTTCTTACGGGGT
CORL23_LUNG_amplicon1_annotated_cycles.txt,Segment56,8,126859651,126860148,-,497,223,44.8692152917505,TTTGGTGTATGTAAGTCATCTTTAGTATagagtttaaaacttaaaactagaaaaggacccgATCTCTGGACGTCAAGTTATGAGGGAGTCACGACTCACTGTTGTTCTCGACATTTAAGGGTAGTCGGTACGTGCCCCCATTTGGTGGTTAGAAATGGCACAGACAGAACGGACTACAAAGACGGGTTGATAtcttcacaagactcgtgtaaattccgtCAGGTTCGATTCGACACTAAAAGTCATCTAATTCACATAATTtgcgcgaaaaaaaaaaaaaaaaaaaaactctataccggagatagagaacgggtccgacctcacgttaccacgctagaactgagtgacgttggaggtcgagggtccaagttacggagtcggagaactcatagaccctgatgtccgtacgcggtggtacgggccgtttacaaacataaaaatcacctctaccccaaagtgacacaaccggtcgggccagagtttgaggactgaagttca
CORL23_LUNG_amplicon1_annotated_cycles.txt,Segment51,8,126845151,126845277,-,126,56,44.44444444444444,GACTTTCCATTTACCACGTAtgcgcacacacgtacacacatatcaTACATACACCCCACTCTCAATACATACGTCATGCACACATACACGTACCACAAaccaaacaccacacacacacaccatacaa
CORL23_LUNG_amplicon1_annotated_cycles.txt,Segment54,8,126854428,126855311,+,883,378,42.80860702151755,CCTCCAAACtctgtctttgtttctccttctccATCAGATCCCTTGCTGTAAGACATAGGTCCAGTCTGATCCTGGCCTCTAACTTCCCATCCTCTTTTCTGGCTCAGTAGAGAGGATAATGCTTTACTTCATGATGCCGTTCAGGAATCCAAATGCAATCTAGAGCAGGGAGCACTGTATAGAGCTAAGAGTAGGGACCAAAGACTCAGACTTCCTGGACTGGACCCCTTGTTCCACGTTTCCTTACTTTGTGACCGTAGGAAATTATTTTGTCTATAAAGGAGGTAATACAGATAGGTAGCTACCCTCAGAGTGGTGTGAGGAAGAACATAATTTGCCATTTAAAGTTCTTAGTATCATTACTTACATTGTAATAAAGGTTCTATAGATGTTAGCTCTGTTATGTTTTACAAAAACTCCTACTACCCTGTTGGCACACTCAAGCCTAAGACTAGAGTACATTTTTCATCATGATCAGAGCCAAGAAAGAGTTTCTGCTATTACTGCAAAAAGGTTTTCTATGTGGCCAGCCTTGCACAGACTAGCCGGATCATTAGACTCACCTGAACTGCTAGGTCAACAGGCAGAGGCTGAGTCCTGCCTTGGAAATCCAATCTTCACTGCACATGAAAACTTGGAggggtttaaaaaatatattgatatcTGGTCTCCACCCAGGTGCCACCCCAGGCTAGCTAAAGCTGCCgggattgagaaccactgcaccataattttaaaaagcagactttattttttgataaGGCAAGGACGTCAAGTTCAAGTCTTCACTGAGGAGCTTTCCCTTTAGGTACTGGGTGTAAAACCCTATAAATAGAGCTCATTTGGTTAGTTTGACATGGTTGCAGATACATGACTGGGGCAAC
CORL23_LUNG_amplicon1_annotated_cycles.txt,Segment54,8,126854428,126855311,+,883,378,42.80860702151755,CCTCCAAACtctgtctttgtttctccttctccATCAGATCCCTTGCTGTAAGACATAGGTCCAGTCTGATCCTGGCCTCTAACTTCCCATCCTCTTTTCTGGCTCAGTAGAGAGGATAATGCTTTACTTCATGATGCCGTTCAGGAATCCAAATGCAATCTAGAGCAGGGAGCACTGTATAGAGCTAAGAGTAGGGACCAAAGACTCAGACTTCCTGGACTGGACCCCTTGTTCCACGTTTCCTTACTTTGTGACCGTAGGAAATTATTTTGTCTATAAAGGAGGTAATACAGATAGGTAGCTACCCTCAGAGTGGTGTGAGGAAGAACATAATTTGCCATTTAAAGTTCTTAGTATCATTACTTACATTGTAATAAAGGTTCTATAGATGTTAGCTCTGTTATGTTTTACAAAAACTCCTACTACCCTGTTGGCACACTCAAGCCTAAGACTAGAGTACATTTTTCATCATGATCAGAGCCAAGAAAGAGTTTCTGCTATTACTGCAAAAAGGTTTTCTATGTGGCCAGCCTTGCACAGACTAGCCGGATCATTAGACTCACCTGAACTGCTAGGTCAACAGGCAGAGGCTGAGTCCTGCCTTGGAAATCCAATCTTCACTGCACATGAAAACTTGGAggggtttaaaaaatatattgatatcTGGTCTCCACCCAGGTGCCACCCCAGGCTAGCTAAAGCTGCCgggattgagaaccactgcaccataattttaaaaagcagactttattttttgataaGGCAAGGACGTCAAGTTCAAGTCTTCACTGAGGAGCTTTCCCTTTAGGTACTGGGTGTAAAACCCTATAAATAGAGCTCATTTGGTTAGTTTGACATGGTTGCAGATACATGACTGGGGCAAC
CORL23_LUNG_amplicon1_annotated_cycles.txt,Segment56,8,126859651,126860148,-,497,223,44.8692152917505,TTTGGTGTATGTAAGTCATCTTTAGTATagagtttaaaacttaaaactagaaaaggacccgATCTCTGGACGTCAAGTTATGAGGGAGTCACGACTCACTGTTGTTCTCGACATTTAAGGGTAGTCGGTACGTGCCCCCATTTGGTGGTTAGAAATGGCACAGACAGAACGGACTACAAAGACGGGTTGATAtcttcacaagactcgtgtaaattccgtCAGGTTCGATTCGACACTAAAAGTCATCTAATTCACATAATTtgcgcgaaaaaaaaaaaaaaaaaaaaactctataccggagatagagaacgggtccgacctcacgttaccacgctagaactgagtgacgttggaggtcgagggtccaagttacggagtcggagaactcatagaccctgatgtccgtacgcggtggtacgggccgtttacaaacataaaaatcacctctaccccaaagtgacacaaccggtcgggccagagtttgaggactgaagttca
CORL23_LUNG_amplicon4_annotated_cycles.txt,Segment9,12,4307039,4307107,-,68,26,38.23529411764706,TTATAAGTCGAAAACTCATGAACGAAGCACAGTCATAAAACTGTCATAATGACGATTCGGTTGACCCTT
CORL23_LUNG_amplicon4_annotated_cycles.txt,Segment9,12,4307039,4307107,-,68,26,38.23529411764706,TTATAAGTCGAAAACTCATGAACGAAGCACAGTCATAAAACTGTCATAATGACGATTCGGTTGACCCTT
CORL24_LUNG_amplicon1_annotated_cycles.txt,Segment30,1,39753064,39753740,+,676,394,58.28402366863905,GGAATGGGCCTCCTCCTTACCCAGGCCCTAGGAGCACAGCCCTGTGTGAGGGCTGGAGAGTCTCTGTGGCCTGAGAGAGATGGCCAGGGGCTGTGTCCAGCGGGAGGGGCTGCTGCTGCCCAGGTTCCGGGGTGGAAGTGGGCAAATGGGCAGGCAGGGGTTGGTATCCCTAAACCACTGTTAGTCTCCGGCCTTACTCCCTCACTTCTATTCTGCCACAAAGGCCCAGGGCAGCAAGGACGGGAAGCCAAAGCAGAAGGTGATCATCGCCGACTGTGGGGAGTACGTGTGAGGCGGCACTCTCTCTGCTTCCCCCTCCGCTCTTGACCCTGCATATCCAGGAAGGAACTGCCAGCCTCAGAGGAGGCAGCACCGAGGGTGCCTGTTTGAAGCAAGCAGCATTTGGGATATGTGCCCTTCCTCAGGGTCTGCTTGGAGCAGCTCCTCTGCAGGCACAGCCTGGACTATTCCCAGGCACAGCTGTGGGCCCAGGAGCCAGCTCAGGTGCTCCCCTCCACCATGGGCAGGCTGTGCAAAAAGCCACTGgcttttctcagcatttgctgctGGGCCTCTCCTGGGACTACCAGTGTGGCTCTTACGTGTTTTCTTTGCTAAAATAAACCCTAGTTCTTATATTGCTCTTCCTGCTAGTTCTTGGGAGTTGTCAGAGATTG
CORL24_LUNG_amplicon1_annotated_cycles.txt,Segment32,1,40239928,40240403,+,475,182,38.315789473684205,AACCCATGTcccaaaagagaattttaggaaACATTCACAGCCCCGGTCATTTGATTTGAAGACTTACAAACCTATGGGATTtgaatcttcatttctgaaatttattcaggaaagtgaagagaaagaagatgatTTTGATGATTGGGAGCCTTCAGAGCACTTAACATTAAGTAATTCTTCACAGTCCAGTAATGATTTAACAGGGAATGTTGTGGCAAATAATATGGTGAATGACAGTGAACCTGAAGTtgacatacctcattcttccagTGACTCTACAATTCATGAGAACCTGACTGCAATCCCACCTTTAATAGTAGCTGAAACAACAACAGTTCCTTCCTTGGAAAACCTGAGGGTTGTATTGGACAAAGCATTAACAGACTGTGGAGAGCTTGCCTTAAAACAGCTTCATTATCTTCGGCCAGTGGTGGTTCTTGAAAGATCTAAGTTTTCCACACCAATTTTAGACTTAT
CORL24_LUNG_amplicon1_annotated_cycles.txt,Segment22,1,38123767,38124395,+,628,364,57.961783439490446,CTGGTCCTGGGGGGAGCGCTGCAAAGAGAAAATGTCAGGGCGACATGCCGCCAAGATAACATTAGCGAAATATCAAGTCCTTTATGATGTCAAGAGGGATTCCTTCCCGCTGCCGAAGCTGCCTAATGACATCATAAAATAGGCCTGCAGCAGCCGCAGTCCCCCTGAGTCATCCATCAGCCCTGTTCATGGAGGGTCCCAGCCCGCACGCGGGGTGGGGGGTGCCGGATTTTAAACCCAAAGGAGGCTCCAACAGAGCAGTACTGTGATGAACTGAGGGACAGAGGACACCCACAGCTCCCAGAAAGGGGCAGCCTCCTGGCGGCAGTGCCCCTCCATGGCTGACCTGGACACTAGGGGACAGGCATGTCTCCAAGGCCCCTCGGAGACCTTGAGGCTGAGTTGGCTGCCATAGGAAACTAACACCTCCCGGGGAggaccgcacccagcctagagtaCCTCCGTGGTGCTAAATGAGAAAAGAGAGCCAAGCCCAGACTTCTGGTTTCCTGAGGGCTGACCTATCTCTTGAGGGACAGACAGGACTGCTGGGCCCACGGGCCCCATCATCTGGTGCAATGAGACCAAGAGTCACCCCACTGGAGACAGATGGAGGAGGTCTTTGGCTC
CORL24_LUNG_amplicon1_annotated_cycles.txt,Segment35,1,40316383,40317046,+,663,467,70.43740573152338,TCAATGCCCCTGGGTGGGTGTGAGGTTTCAGGGAGGTCACAAGTCATATCAAGATGAGGCGAGCTCACAGCTGGAGAGTCTCCATCCTGCTGCCCATCTCTGAACAGATCAGAGATCTTAAAAGGCGGCCCTTTTAAGAGGCCAGCTCGGACCCAGGCAGGGGTCCCGGTGCCCACGACCTCCCCAGGCCGCGAAGTGCCAGGCTGGCGCCCCGCAGGCGAGCTCGAAACCACACCCAGCACCCGACCGGGCCCAGTCTCTGCCCTACCCGCGCGCCCGCAGCCCCCGGCGGCCCTCGGAAGGGAGACGTGGGTAGGCGGGCAGGGCCGAGAGGCCGCCTCGGGGCGACAGCGGCGTCTGGTTGGAGCCGGCGCCCCCTGGGAGGCGGCGGGGGCGGAGGCTGCGCAGCGGGTGAATGAGCACCATTGTATGCCCCGCCACCTGGGCTCCCCGGGCTGCCAGGACCGGGCGCCAGCTCCTGCCCCACGCTGCCTGTCCCGGGCCGGGCCGCGCGTCTGGGGACGGGTCCCGTTTGACTCTCCGGCTCAGCCACCTCCATTCACGGTGCCGCGATGGGCACCATGTATGCACCCACCGAGGGGACCTGCCCGCGGCGCTGTCCTCAGGTGGCCTCTCGGGCTAGGGGTGTCAGTAGGCGCGGGAC
CORL24_LUNG_amplicon1_annotated_cycles.txt,Segment21,1,38076181,38076845,+,664,323,48.644578313253014,CCCTGAAGCTTCTCTTCAGcctgtccctcccctcccccctccaacTTCTGGGCAGAGGCTCTGGCCATGGTGCTGAAGGTGGCCATGGCCTCTGCAGGGTCTTGGAAGACCGGAGGTGAGCAGGGTACCCACCTCAGGACTTGTGAGGGCAGAGGAAAACTACCCTAATTAAGAATTTACTATGTACTAAGCCCGGTGCTGTTCACTTTACATGCGTTACGTTGACTGATTACAGTGTCTCTTGGAGGAAGAGATTATCATGGGAAACTGTTTCAGGAACTGTGGGTTCTACACCTTCCAGGAAGCAGAAGGCTGTTCTGACTTACTTAGGATTTCAAGTAGCCCTGGCTCCCAGAGATGGTCCTGGGACAATTAAGGGCAGCTGAGAAAACAGTGACATGTAGAAATGGTTGATAAAACTGTGAGGGAACGTCTGTTGACACTGATTCTGAGCCTGCGGCCAGAGATGAATGATTGAAGCACCAGGCTTGTTAAAGCGAGAGCACGTTTGATTTCTCTCCCCTGCACTGCATGCGATTTTGCTGGAGGGAAGTTAGCAATCAGCTAATTGACATTGAATTAACCATGAAACTCAGCCCCTGCCTTCTCTCTGAAGCGCTCTCCAGCAAGACTTTATCAAGGCTTTGAATTATTGATTATTACTT
CORL24_LUNG_amplicon1_annotated_cycles.txt,Segment42,1,42322635,42323564,+,929,341,36.706135629709365,gatttcAGGAAGCTAAGGATGACTAGTACTTCTGAGAAAACAGCCTAGACTCAATCAGAAGAAAATGGGCATTCATTAGTTAGCTCTACTAATAGGAAATCTCTCTGAATCTACTCAAAGAACTTGTTGTAAATTAAGATGAGAACTGAATATGAGCCAAGAGAGTGACTCAGCtgctaaaaagaaacaaaatgcaaacTTGGGCTTCATTAGAAGAACAGTATCCAGAAAAGGAGGGTAACAGTACCATGTATTCCTCACTACTTAGTTCACAACTGGAGTATTGTATTCTGAgggtttttcgttttgttttaatatagaattaaaaaatatcacCTATGGAGGGAAACATGTTCTGTTCTGAACACCACATTTTAAGAACACTTACAGGACAGAATCCTTGGAAGGAGGGATATCAAACTAGTGAGGGATCAGAAACCAAATGTCAAGTGTATAATGACTGAAGAAACTGGGTGTGTTTAGCTTGGAGAAGAAAACACTTTCTAGCCTTCCACCTCACCTCTACCATACAGACCAGTGTAATATTTTCCAGAGGATTTCAAGAGTTGTTAATGCACATTCCATAATTAAAGAAGATTGagataaacactttttttctctaaatgacTTAAAGTGTTCAATATCCTAAAATGCTTTGTTAATGTCCAAGAAAATGATGATCGGTATTTCTCAAATatgaccattcattcattcattcaacaaatatttattaagcaccaatTATTAGCCAACCACTCCTCCAAGTGCTGGGGATACAACAACGAACAGTTTTAATATCCTGGAGGATAGTGTGGGGAACAGCCAAGCTGGGTCTCTATTCCTCTAACTTGCATTGTGCTTCCTCATTTCTAAGTCTTTGACTATGCTCTCAGCCTAGAATGCTCCATGTCTAATCTTAATCCAAACACT
CORL24_LUNG_amplicon1_annotated_cycles.txt,Segment31,1,40059008,40059614,+,606,224,36.96369636963696,TATCCTTTGCAAATTCTAACTTTCTACACACAGTATCATAGTAAATATTGAGTATTTGAATGAGTAAGCATTTACTTTAGTGAACACCTTTTCCTGAGCAGTTCTCTTGCTTAATGAGGTCTTTTGATTTTGTAAATATGCTACTTTTTTATctgatatttttgtattgttccattttgcagatgatatctaattttattaaattattctgTTCCTGAGAATTGGCATCCTCTTCATCCACCTGGGGATGACCaggaattttctgtttttttctctgtaggtgctatttaatatttaaataacaaatgaCATTTGATCTGTTTCAGCAGGTGGTCCATTATGGCTGACATGCAAAATCTGGTAGAAAGATTGGAGAGGGCAGTGGGCCGCCTGGAGGCAGTATCTCATACCTCTGACATGCACCGTGGGTATGCAGACAGTCCTTCAAAAGGTAAGCAGTCCACAGCCCAGCAGAATGCTTTCTTTGAGCGTCTTGGCctgaaaattttctattattCTCTCCTTTGGCGCTAACTTCCCAAAACTTAATCTAGAAAGTTTACCTTTTGTAATTTGTATTGCTGTGAACAGATAAGAGAGGAAATGA
CORL311_LUNG_amplicon1_annotated_cycles.txt,Segment15,11,105253718,105254207,+,489,217,44.376278118609406,CACCTGCCTTAATCACCCCCAGGCCAGAAATCAGACCACTAGGAACAGTTCCTATGTCCCAGAGCCCACTGAAATTATTCTAACTAACCAATCCTAAACCTGCTTACCCTACCTTACCCCTTCCTTCCCATAGAAAATACAATAAAGGCTCTAGCACACTTTCCCCTCACTTGCTTCGCCTCTTGACCAACTCTGGTTCTTCCCCATGTGACCCTGCATGACATCTTGTACCTGTTTCTAGGGATCTGTGAGTATGAAAACTTCTTCCTTCATGACAGTCGctcctgtgtctgtgtgtcttatCATACCTGACTAACACAAATCTCAGGCACCCTTACCACAAAAGAAGTCAGAATATCACTATTTCAAATAGCAAGGAGAAAACAAAGCGAGCTAGAAAGAAAAGGGAATCTCAGTACCATAGGAAAGAATAGGCCTTATGTTGTGACAGTGTTGAAGGGGTTTTGACTCCAAGAGGGTCATGTGATGA
CORL311_LUNG_amplicon1_annotated_cycles.txt,Segment11,11,104403161,104403814,+,653,266,40.73506891271057,ttaaGGCTTCCTGCCTTAAATGTATCACTTCTATTTTGTGGTAGAAAGCAGGGGCATTTAAAAGGGGAACTAGGCATGAATGGCATGCAGGGGAAGGAGCAAGCAAGTGGAGGTCTGTGTGACTCACTTTAGCACCTTATTTACTGGGGGAGGGGGGTCAAGCTGGTACCATCATGGGCAGAACCAGGCTGTACAATGGCTAGTATTGTAGGGGAGAGTTTCTTAGGGGGCACACTTTAAGTTGTAAATTGACTGTTTTCTCTGGAAGCAGTCTCCTGGTGGGAGAGGTTTCTGGTTCTGGAGCTGCTAAGTAAGCACACAGATAAGCTTGCCCTGTAGGGAGTGTCTGGTGAAGGAAAGGTAGAGGTTATAATTGCATTTCTAAAGAGCTAAGAAGTGGGgaatggggagaggaggaaagagaaaagaacagaaaataattaaaacaactcATTCTCTTTGTCTTAGAAAAGTGGGAGTACTTGCTTACAAAACTACTGCAAAACCTACCAAATCAGAGTTTCTTGTCTATATTTGGAAATTTCACACTTGCCTTTTTGTTCCTTCTATGGTATATTGACAATTTAACCTTCTTTTATTATGATGTATGCAAATAATTTAACTCCATTAAAATCGATATAACCAAATTGAGTT
CORL311_LUNG_amplicon1_annotated_cycles.txt,Segment24,11,109705781,109706320,+,539,190,35.25046382189239,AAAAATGTGTCCTTTAAGATTTCTAGGCTGATGAATTTTACGTAAATAGAAAGGTTATAGATATGCATACTAAGTACTTCATATGcctacacacactctctctctctctctctcacacacacacacacacaccagtcagGAATCCATAGCAAAATTAAGATTTAGTGACACCTTGCAGAAAGAGGTTGTATGCAAGGATGAACAAAAAGATACTGATATATCTGATGCAATAATTTGAAGTAACGAATCTGGTTATGTCTGCAAATGTCTAATTGGTTCTCTCCACACATTTATTTGGACCCAGAATGATTGAATTTTACAGAGCTGTGTAATATGGTCATTCcataaagaaatgttcaaagtaTGTCAAAAGCAAGAGCCAACTTATGCAGTGGAAGCTCAAACATAATTGTATCTAAACCCAAAAGCTCAAATGCTCTAGGATCTATGACTAGGGAggctttatttattaaaaaaaaactcatacaTAGAAAACCTGAAGATCTCAACATCAGGTAAAGGAGTTTTGTCCTTAACGCT
CORL311_LUNG_amplicon3_annotated_cycles.txt,Segment33,6,106754941,106755141,-,200,111,55.50000000000001,gggtcgtgaaactctccggcttcgtccacccagtgttccagtcctctaattctggtaggaccggttgtaccactttggggcagagacgatttttctatgtttttaatcggcccgcaccaccgtgcacggacatcagggtcgatgagccctccgactccgttctcttagtgaacttgggtcctccgtctctccaacgtccct
CORL311_LUNG_amplicon3_annotated_cycles.txt,Segment52,8,127809674,127810289,+,615,313,50.89430894308943,gaaatgggaaaaggaaaaggtCCTCTGTATGGAAAGTCCCCAGGAATTTATAGGAGAGTGGCTAACGAAGACAGAGTTCCCTTCCGGCATTTATTGTGACTGAGTTTGTTCCATAGTTTTAGTCCCACTTAGGTCATGATTCATCCCACTGGGCCAGCAGCAGCATTGGGATCACGTCAGCCAATCTTCGCACTTAGAGATTTTGAAGAGAGATATCTCCTATCCATGTGGTACATTGCTTTTCACAAAACAAAAGAGTTCATTTTGTCGGTGAAAAGCCCTGGCCAGACCCAGCCGGTGGAGACCAGTAGCTTCCTCTGGCAGGCTGGGCTTCCTATGGTCATTGCAGTCCCTCCCCATTTATAAGGCTGCCTTCCCTGAGAACACCTGGGACAGATGCCCCCCAGAAGCATGCCCTCTGgaaagggagaggagcaggagggGGCTTCAGGCATGCTGGGCCTGGGGGGCCACCCCCTGGCCTTTGCTAAGTTCCTGGCTGGTCTGagccctcttctttcctctccccagGCCTTGCAAAGGCCATATCTCTTCCTTTTCATGACTCTGGAAATTCCATACATACTTTCTGCATTAGGAAGACATTCTCTGCATG
CORL311_LUNG_amplicon3_annotated_cycles.txt,Segment37,6,106860402,106861051,+,649,280,43.143297380585516,TTGTCAACCAACACTAGCCTTCCTATGACTCAGAGTTTTTCCCACCTTACCAAACTGTGCCATTTTCACTCTGACACCCACCAACTCCCACTAGACAAAaagatttgtgcattttcttttttgtaagttGCTCTGCAACTTTTTCCAACTACACACATTGTCTCCTGCCACCTTTCCCAAACTGTTGTTGAGGTTCATTGCTCAGGAGCACCAGAAAACATGCCTCCCTTCCTCTACATGGCAGCTTTTCAAATGCTTGCAGACACTTTTTCTGTCCTCCCTAAATCTTCTTTTCTCCAGGCCAAAATCCTCAGGACTAGAAAAACTCTTCCTGCCCTGCTATACAATTCAATTATACTAGGAGATTCCTTGATTGTCTTCCTGTGACATTGtttcaaacatttattcaatCATCGTATATTTATTAATCAGGTTCCTGATgttatgggatctttggggtgttgctTCTCTGGCTGGAAAAAAGTGCTAGTGGCACTTTTGCCAAAGTTCTTTTCccgtgtccaggaagaatgaggtatgcagacaagtggagggcgaacaagacaaagaggagctttattgagcatTACAACAGCTCAGGGGAAACCTGCAGTAGGGTAGTCTTCTCTGCAGCAGGTCAACCTGATGAG
CORL311_LUNG_amplicon3_annotated_cycles.txt,Segment42,6,107514241,107514742,+,501,178,35.528942115768466,AATGTATGATATAATTTTAGTTGCATATGGAAGGTGCATGGTAGGACTACAAGGGCAATTAAAGTGGAGTAGCAAAAAGTCTATAGGCAGATAATCAAGAACTGTTATATTTATACAGTTGAGGGGAAATGGCACCTGAAACTTAATATAGGCTAGAAGATAGCAATTGAAAACTCAAATTCAAAGTGATAAAAAAAGATCCAAAATGAAACCTGAAAATGTTAGATACTATGATATGGGTCCTGCTTTATTGTTCTCTTTACAATTAAGGGTTCTTAAAAATGTGTAAGGCACATTTTAGTGTGTTCTATCATTTTTAATGCCAGATGAAATGTATAATTTGAATGGTAGCATGAGGTGGTGAAGACTGCCAGAGCAAGAACCAGGAGACCTGGGTTGCTAatgccagctctgccatttattggCCATGTAATCTTGAATAAGGTAGtttctctaagccttagtttccttgtctgcaaaatgATGTGGTTAGCTTACATGA
CORL311_LUNG_amplicon3_annotated_cycles.txt,Segment62,8,128356149,128356796,+,647,296,45.749613601236476,TCAGGAAAATGTGAATTTCATGGTCAGAATGAGGAAGGGGGACTGCGCACAGGAAGAGCAACCTTCCCCTCCACCCACGCTCAAGTCTGTGATAATAATGTTGCCCCCTGATGTGGACAGTTTCCAAAGAATTTCACATTGCTTCTCGCATGTGAACCTCACACCAACCTGCAAAATGGAACTTTTTATTCCTGATAAAATAAAGAGGAAACTAAGGATCTAGAGAAGTTGTTGTCCAAAGTCCTAGAGTTAGGAGTGAGCTGGGGCCGACATTCAAAGCCAGTCTTCCCGCTAGTGGTCCTGGTTCCACATACTGCTCTTTTCACAGAAACCTTGTGGCCACTCTTCTCAGGCCCTCGGCTGCTGACCATGTACTTCTATCCTTTCTACTGATCTCTATATTGCACCCACCTCGGTTCTGGAGTTCACTTTCTTGCCAAAATGACTGCAACGTTGTTTATAATCCCCTAGGGCCCCTGTTGAAGAGCTACCTGTCAGTCAGCCATAGGGAAGGTTACTGAGAAAAAAAGTCAGTGGGAAGGGTCAAGGGAGGTGTGAGTTCCTTGGTGGTAGCACTTATAACTCTGTGTCTTATGCTCAAAAttagtggttcttaaacttttaGGAATGCTGTGAAGAGCTTGTTAA
COV644_OVARY_amplicon1_annotated_cycles.txt,Segment17,1,153344257,153344841,-,584,320,54.794520547945204,GTCCACAGTGGTAGAGAAACGGGACCCTTCTCCCCGGGTTCCCTCCCTCCGACTAATTAAACTCCAGTGTATAGATACCTGGGTACCTCGGATTTGACCGAGAGAAGTAGGGACCGCACGAGGAGGTGTGGTGTGTGTACCCGAGGTCGGAGTCACTCCGTTTACAGGTAGACAAGGACATTACTAGCGAGATCATCCAGCATGACCACGGGTATGGTGTACGGGAACCGAGTGGAGACTGAAACCGATCGACACCTGTCAAGGACTCACGTCACTACCGAAGGACGGAGTTCACGGGTTGTGTAGAGAGACGAAAGGACGAAGTctggaagggggtcggggactgctGTTTTCCCTCACTTACGGAAGGACCCCCTGTCCCGAACCACACATCGGAGGAGTTGGGGTCGGGAATACTCTCCGTCAAGATTTCGCGTACATGTGTCGAGGACCCTTCCGGTGTCCCACCCCACCTCAGTGTCCATCGGTGACACTCGGTCGGGTTAAAGTGTATGAAACGAccgaaagaaggaagacagagtgAGAGGAGTGGGACCGAAGACCCTAGGACATTCTTAATTTCTC
COV644_OVARY_amplicon2_annotated_cycles.txt,Segment10,7,102363781,102364324,+,543,394,72.55985267034991,GGGTGTCCCGGGAGGCGGACTTCCGGTGCACTCCTGCGCGTGTGCACCTCTCCCTGCGTGCGTGTTCGCGCGTGCGTGCTTGCACATGCGCGCCACCTCCGCACTGCCCTGGCTTCCTGCGCCTCTTCAGGTCATCGCTTGCTCTCGTTCCCAGGCTTTGGCCTCTAGTGGACGAGAATCACCGAGTCTGCGGGGCTGGACGCTGACTGCCCGGGCCAGCACCTAGGCGGGCGGGAGCTGTGCGGCCCAGGGTTCACGCGGGCCGGGTAGAGGCTCGAGCCGGGACCCCCGAGCGTGAACCCCGGAGCCGGCGGCGCTGGGGCCAGAGGGGCCGGGCGGGAGGTGGTGGCGGAGGCGAAGGGGCGACGGGACCTGGGCCTGGCCCGTGTGTGTCCTCGGCGGCCTGGCGCCGGCCGTCGCTGTACGGTGAGCCCCAGGGAGGCGGATCTGGGCCCCGAGAAGGACCCCCGCCTGGATTTGCCCCGTAGGCCCGGCCCGGGCCCCTCGGGAGCAGAACAGCTTTGGTGAGGTGGACAGGAGGTGA
COV644_OVARY_amplicon2_annotated_cycles.txt,Segment12,X,36902629,36902851,-,222,77,34.68468468468468,CTTTGGTGCGTGACAGATGTGAGACTTAAGGAAACCGTCACGATTCTGTTGATGGTAGGACGAAAGATCGTTTTCCTCACCTTACATCAATCCTCTATTTCGTATGGAAGACGTTCATAAAtatcacaaaacaaaagtatgtaGTGAAACTTTAACGGTGCAAATATCAATTCTctctattttacatattaaattcaACCGAATAATTTTAACGACTTAAAAC
DANG_PANCREAS_amplicon7_annotated_cycles.txt,Segment22,8,15555169,15555261,-,92,50,54.347826086956516,ccgtgtacttgGTTcccggttcctccgtctccaacgtcattcggttctagtgtggtgatgtgaggtgggacctgttgtctcattctagagcag
DETROIT562_UPPER_AERODIGESTIVE_TRACT_amplicon1_annotated_cycles.txt,Segment6,11,98393872,98394076,+,204,72,35.294117647058826,AGACCATGTAGGGTTCCTCTTACTACCAAGTATGTTAATCCAAGTTGTACACTCAATGAGACAATAATCATTGAGTATCTCTGCAGACTCACAGGACTCACTACAAATTGGATTTTAGCCAGAATTATATGTATTACCCACTCATTATAAGAAATCATATTTTACACCTTGGTATATCATTTTCAACTCAGACTCTATGTCTCAG
DETROIT562_UPPER_AERODIGESTIVE_TRACT_amplicon1_annotated_cycles.txt,Segment6,11,98393872,98394076,-,204,72,35.294117647058826,GACTCTGTATCTCAGACTCAACTTTTACTATATGGTTCCACATTTTATACTAAAGAATATTACTCACCCATTATGTATATTAAGACCGATTTTAGGTTAAACATCACTCAGGACACTCAGACGTCTCTATGAGTTACTAATAACAGAGTAACTCACATGTTGAACCTAATTGTATGAACCATCATTCTCCTTGGGATGTACCAGA
DMS114_LUNG_amplicon4_annotated_cycles.txt,Segment47,11,69189101,69189166,+,65,22,33.84615384615385,atcatcatcataatcaccatcatcatcattgtcgtcataatcaccattatcatcattgtcatcatc
DMS114_LUNG_amplicon4_annotated_cycles.txt,Segment55,12,108227723,108227776,-,53,20,37.735849056603776,tagtggtagtagtattagtagtggtagtagtagtagtagtagtagtagtggtag
DMS114_LUNG_amplicon4_annotated_cycles.txt,Segment11,8,36088688,36088734,+,46,22,47.82608695652174,TCCATGGATGCCTAAGTGTTAACCAGCACAGTTGagagtcagtgtga
DMS114_LUNG_amplicon4_annotated_cycles.txt,Segment43,11,68694761,68694809,+,48,16,33.33333333333333,AAAGTATTTTAGCCCcacatatatttctttgacatattctgaaatggcc
DMS153_LUNG_amplicon2_annotated_cycles.txt,Segment4,1,40070709,40071218,+,509,223,43.811394891944985,CAGTGTCTTGCGCATCTGTGAGCTTTTCATGTAGTTGCTGAGTCACGTGAAACAGGAAACCTTTTCCTGCGACTTACTGTTGTCCTTCCCAACCACTGGGACTCAGTTCTCTTTGTTTACTCTGCAGGTAATGGGTAAAGTGCCAACCATATCCATCAACAAAACAGATGGCTGCCATGCTTACCTGAGCAAGAATTCCCTGGATTGTGAAATAGTCAGTGCCAAATCTTCCGAGATGAATGTCCTCATTCCTACAGAAGGCGGTGACTTTGTAAGTTTCTTGATCTCTTTAGTATGATGTTAAAAACAGAAGGGACTGAAGATTTCTGGCATTGAAGAAAGCTATTTTATGAACATTCTGCACTGAGCAGGTAAAAACCCAATAATGCACACCAAAAGTACACAGAAATGAGGTAGTCCCATGTAGTGGAGCCCCAAAGGTAGGTGCTTTCTGCCTAAGTGGAGCTCAAGGTAGCAAAAAATAATGGGGATGAGCCATGGCACCTTGTC
DMS273_LUNG_amplicon10_annotated_cycles.txt,Segment7,X,55652523,55652525,+,2,1,50.0,AAG
DMS273_LUNG_amplicon11_annotated_cycles.txt,Segment2,X,72461450,72461892,+,442,165,37.33031674208145,AAATGACGTTTCACATTTTGGATGGTCCTATTCCAGCCTCTGTGTGCCACTAATTGCTAGAAAAACATCAGCAATGGTCTTTGTAGTGCTTGTGGGTTTCTTGAATTTTACATTAGTCAAAGAAAATTGAGAGATCAGGACTACCACCAAAGAACATGTGCCACGTACCACCTATgaaacttcttaaaaaaaagatgagaatccagcttacacattttaaaaatagccccTTCCTTTTTGAGGCTAGGGgataaaaatatgcacatattCCAAAGAATTCTTTGTGTGAACAGGTGACCCCTTCCCACAGTCTCTGTAATTAATTGAGAAATTAAAGTTGGTTGGCCTTTGAGATCtcttgtaaaaaaacaaaaaggcagaaggtCTTGGATATTTTGGAACAAGAGTCCACTATTCTGCCAAGACAGTGTGTTATTGTTATT
DMS273_LUNG_amplicon15_annotated_cycles.txt,Segment4,X,121295781,121296223,+,442,176,39.81900452488688,AAGGCTCATTTTGGACCTCTTAactccaaaactgtgagataataaatttgtgttgttttaagccacgaaGTTTATGGCAATTTATTACAGGAGCAATGGGAAACTAATACATTGTCCAAATGAGATACAAAAGAGCCATTTATGTGGACAAACTTTAAGTGTGTAGGCTACTGTCAGTGCACCGTCCTGTCTTTCCTGTATTGTCAGAGCCACTAGACAGCCACAACTGTTGCCCTTTAGATTTCCAAGTTAGACACCAGGCTCTTGTGACCCCCAAATGTCTGAGGACCAAAAGTAAAGCTCTCTGAATCTTTCCGAGGTCACTCTTACTTGGCTTGGGGTAAGGGGGAAAGCAACAACTCCCTTTTTCTATTGGGAGAATGAAGAGTAATATTACAAGAAATCAATAACTGTTAATATTTCTGAAAGGGATTGTTTCTTTC
DMS273_LUNG_amplicon16_annotated_cycles.txt,Segment6,X,155803728,155803735,+,7,6,85.71428571428571,ccctggac
DMS273_LUNG_amplicon1_annotated_cycles.txt,Segment26,1,150595007,150595667,-,660,342,51.81818181818182,aggtggagggtccaagttcgctaagaggacggagtcggagggctcatcgacactaatgtccgtggacggtggtacgggccgatcaaaaacacaaaaatcatctctttcccaaaacggtacaaccggtccgacaagaggttgaggactggagtccactaggtgggcagagctggagggtttcacgagaaagagatagagaagaaaggaagaaagggagagagagaggagagaaagagagaagaaaaagagagaaaaagaaaaaaaagggggtctggtccagagtgagacagcgggttctacctcatatcaccgcggtagtgtcgagtgacgtcgaagttgaagggtccggggtcgttaggagggtggagtcggagactcctcgaccctggtgtccacgtgtggcggtgtgaaccgataaaaaaaaattacaaaaaaatctctgccccagagtgatacaacgggtccgaccagaggacccgaaCTCCCTAgaagggtagactcggagggttccacggtcctaatgtgtgtactcggtgacacgggccggcataAGGAGGAAAACTGGAGATTTGACACTCCCGTGGGTAGACATACATAGAAGGACGGACCGACTTCTTCTCCTAGAGGAATGTTTCCGGAATATTGAGTCTGGAAATGGGAG
DMS273_LUNG_amplicon1_annotated_cycles.txt,Segment28,1,150601894,150602043,-,149,72,48.322147651006716,ggacggaaccggagggttttacgactctaatatccgtactcggtggtgtgggccgatcaatatactctgaaaattttgtatttacttggCCCGtatcacggagtgtggacattagggtcgtgaaaccctccgattccgtccttttagtga
